cluster,District A,District B,District C
0,0.5688888888888889,0.06630824372759857,0.004830917874396135
1,0.008888888888888889,0.0017921146953405018,0.3285024154589372
2,0.013333333333333334,0.30286738351254483,0.5507246376811594
3,0.4088888888888889,0.6290322580645161,0.11594202898550725
